variant,net_cagr,gross_cagr,net_cash_excess_sharpe,gross_cash_excess_sharpe,annualized_volatility,max_drawdown,annualized_one_way_turnover,annualized_gross_traded_notional,arithmetic_sum_transaction_cost_return_drag,mean_gross_exposure,fully_cash_fraction,matched_equal_weight_cash_excess_sharpe,net_active_information_ratio,gross_active_information_ratio,annualized_arithmetic_net_active_return,annualized_arithmetic_gross_active_return
full,0.01404992867,0.03167729852,-0.1549008935,0.1405276029,0.05857707312,-0.09830543263,10.29570133,13.25028777,0.1374753303,0.301354773,0.4793635007,0.7984966498,-1.130771796,-0.7527309063,-0.05099216301,-0.03376502067
no_regime,0.04090326785,0.07151556171,0.1847963065,0.4128770397,0.1273111843,-0.2139383269,14.23196456,22.2822168,0.2313066108,0.7391952909,0.1143709597,0.9747705303,-0.983794375,-0.6452513694,-0.08393430287,-0.05494908859
no_vol_scaler,0.01426609153,0.0327522279,-0.1307801621,0.149044881,0.06481383218,-0.1144584617,10.82566828,13.8870492,0.144084418,0.3143537788,0.4793635007,0.8235166985,-1.11785898,-0.7557534269,-0.05517172003,-0.03711638769
signal_only,0.04961558653,0.08257849454,0.2337847476,0.4409233458,0.1493551865,-0.2557350128,14.87039201,23.77040275,0.2468577052,0.811171349,0.1143709597,0.9445791331,-0.9470507817,-0.6085487502,-0.08635278172,-0.0554188475
