all_in_cost_bps,net_cagr,gross_cagr,net_cash_excess_sharpe,gross_cash_excess_sharpe,annualized_volatility,max_drawdown,annualized_one_way_turnover,annualized_gross_traded_notional,arithmetic_sum_transaction_cost_return_drag,mean_gross_exposure,fully_cash_fraction
0,0.03167729852,0.03167729852,0.1405276029,0.1405276029,0.05844153105,-0.08598560609,10.29950019,13.25663198,9.992007222e-16,0.301354773,0.4793635007
5,0.02486160506,0.03167729852,0.02672836473,0.1405276029,0.05846207552,-0.08850606021,10.29803326,13.25419031,0.05289070349,0.301354773,0.4793635007
13,0.01404992867,0.03167729852,-0.1549008935,0.1405276029,0.05857707312,-0.09830543263,10.29570133,13.25028777,0.1374753303,0.301354773,0.4793635007
25,-0.00195434688,0.03167729852,-0.4244913758,0.1405276029,0.05893723571,-0.1579621702,10.29234697,13.24444348,0.264259002,0.301354773,0.4793635007
50,-0.0344909379,0.03167729852,-0.9636681818,0.1405276029,0.06038789602,-0.3285953733,10.28573775,13.23230445,0.5280334928,0.301354773,0.4793635007
