{
  "strategy_gross_minus_cash": {
    "annualized_mean": 0.008185044203711644,
    "block_length": 21,
    "ci_95_lower": -0.030241048455701476,
    "ci_95_upper": 0.04800323950663181,
    "observations": 2011,
    "positive_draw_fraction": 0.666,
    "replications": 5000,
    "seed": 42
  },
  "strategy_gross_minus_exposure_matched_equal_weight": {
    "annualized_mean": -0.033765020670278534,
    "block_length": 21,
    "ci_95_lower": -0.058479550289790495,
    "ci_95_upper": -0.008964412373110868,
    "observations": 2011,
    "positive_draw_fraction": 0.003,
    "replications": 5000,
    "seed": 42
  },
  "strategy_minus_cash": {
    "annualized_mean": -0.009042098135228958,
    "block_length": 21,
    "ci_95_lower": -0.04773418751613374,
    "ci_95_upper": 0.03140995019157994,
    "observations": 2011,
    "positive_draw_fraction": 0.3364,
    "replications": 5000,
    "seed": 42
  },
  "strategy_minus_exposure_matched_equal_weight": {
    "annualized_mean": -0.05099216300921913,
    "block_length": 21,
    "ci_95_lower": -0.07721269340698877,
    "ci_95_upper": -0.025441331874191987,
    "observations": 2011,
    "positive_draw_fraction": 0.0,
    "replications": 5000,
    "seed": 42
  },
  "strategy_minus_target_exposure_matched_equal_weight_net": {
    "annualized_mean": -0.04139184319465378,
    "block_length": 21,
    "ci_95_lower": -0.06702567862838746,
    "ci_95_upper": -0.016320371753545428,
    "observations": 2011,
    "positive_draw_fraction": 0.0004,
    "replications": 5000,
    "seed": 42
  },
  "target_exposure_matched_equal_weight_net_minus_cash": {
    "annualized_mean": 0.03234974505942481,
    "block_length": 21,
    "ci_95_lower": -0.000609470819006521,
    "ci_95_upper": 0.06638547418713049,
    "observations": 2011,
    "positive_draw_fraction": 0.9732,
    "replications": 5000,
    "seed": 42
  }
}
